"행정구역(시군구)별",2022.05,2022.05,2022.05,2022.05,2022.05,2022.05,2022.05,2022.05,2022.06,2022.06,2022.06,2022.06,2022.06,2022.06,2022.06,2022.06,2022.07,2022.07,2022.07,2022.07,2022.07,2022.07,2022.07,2022.07,1990,1990,1990,1990,1990,1990,1990,1990,1991,1991,1991,1991,1991,1991,1991,1991,1992,1992,1992,1992,1992,1992,1992,1992,1993,1993,1993,1993,1993,1993,1993,1993,1994,1994,1994,1994,1994,1994,1994,1994,1995,1995,1995,1995,1995,1995,1995,1995,1996,1996,1996,1996,1996,1996,1996,1996,1997,1997,1997,1997,1997,1997,1997,1997,1998,1998,1998,1998,1998,1998,1998,1998,1999,1999,1999,1999,1999,1999,1999,1999,2000,2000,2000,2000,2000,2000,2000,2000,2001,2001,2001,2001,2001,2001,2001,2001,2002,2002,2002,2002,2002,2002,2002,2002,2003,2003,2003,2003,2003,2003,2003,2003,2004,2004,2004,2004,2004,2004,2004,2004,2005,2005,2005,2005,2005,2005,2005,2005,2006,2006,2006,2006,2006,2006,2006,2006,2007,2007,2007,2007,2007,2007,2007,2007,2008,2008,2008,2008,2008,2008,2008,2008,2009,2009,2009,2009,2009,2009,2009,2009,2010,2010,2010,2010,2010,2010,2010,2010,2011,2011,2011,2011,2011,2011,2011,2011,2012,2012,2012,2012,2012,2012,2012,2012,2013,2013,2013,2013,2013,2013,2013,2013,2014,2014,2014,2014,2014,2014,2014,2014,2015,2015,2015,2015,2015,2015,2015,2015,2016,2016,2016,2016,2016,2016,2016,2016,2017,2017,2017,2017,2017,2017,2017,2017,2018,2018,2018,2018,2018,2018,2018,2018,2019,2019,2019,2019,2019,2019,2019,2019,2020,2020,2020,2020,2020,2020,2020,2020,2021,2021,2021,2021,2021,2021,2021,2021
"행정구역(시군구)별",총전입 (명),총전출 (명),순이동 (명),시도내이동-시군구내 (명),시도내이동-시군구간 전입 (명),시도내이동-시군구간 전출 (명),시도간전입 (명),시도간전출 (명),총전입 (명),총전출 (명),순이동 (명),시도내이동-시군구내 (명),시도내이동-시군구간 전입 (명),시도내이동-시군구간 전출 (명),시도간전입 (명),시도간전출 (명),총전입 (명),총전출 (명),순이동 (명),시도내이동-시군구내 (명),시도내이동-시군구간 전입 (명),시도내이동-시군구간 전출 (명),시도간전입 (명),시도간전출 (명),총전입 (명),총전출 (명),순이동 (명),시도내이동-시군구내 (명),시도내이동-시군구간 전입 (명),시도내이동-시군구간 전출 (명),시도간전입 (명),시도간전출 (명),총전입 (명),총전출 (명),순이동 (명),시도내이동-시군구내 (명),시도내이동-시군구간 전입 (명),시도내이동-시군구간 전출 (명),시도간전입 (명),시도간전출 (명),총전입 (명),총전출 (명),순이동 (명),시도내이동-시군구내 (명),시도내이동-시군구간 전입 (명),시도내이동-시군구간 전출 (명),시도간전입 (명),시도간전출 (명),총전입 (명),총전출 (명),순이동 (명),시도내이동-시군구내 (명),시도내이동-시군구간 전입 (명),시도내이동-시군구간 전출 (명),시도간전입 (명),시도간전출 (명),총전입 (명),총전출 (명),순이동 (명),시도내이동-시군구내 (명),시도내이동-시군구간 전입 (명),시도내이동-시군구간 전출 (명),시도간전입 (명),시도간전출 (명),총전입 (명),총전출 (명),순이동 (명),시도내이동-시군구내 (명),시도내이동-시군구간 전입 (명),시도내이동-시군구간 전출 (명),시도간전입 (명),시도간전출 (명),총전입 (명),총전출 (명),순이동 (명),시도내이동-시군구내 (명),시도내이동-시군구간 전입 (명),시도내이동-시군구간 전출 (명),시도간전입 (명),시도간전출 (명),총전입 (명),총전출 (명),순이동 (명),시도내이동-시군구내 (명),시도내이동-시군구간 전입 (명),시도내이동-시군구간 전출 (명),시도간전입 (명),시도간전출 (명),총전입 (명),총전출 (명),순이동 (명),시도내이동-시군구내 (명),시도내이동-시군구간 전입 (명),시도내이동-시군구간 전출 (명),시도간전입 (명),시도간전출 (명),총전입 (명),총전출 (명),순이동 (명),시도내이동-시군구내 (명),시도내이동-시군구간 전입 (명),시도내이동-시군구간 전출 (명),시도간전입 (명),시도간전출 (명),총전입 (명),총전출 (명),순이동 (명),시도내이동-시군구내 (명),시도내이동-시군구간 전입 (명),시도내이동-시군구간 전출 (명),시도간전입 (명),시도간전출 (명),총전입 (명),총전출 (명),순이동 (명),시도내이동-시군구내 (명),시도내이동-시군구간 전입 (명),시도내이동-시군구간 전출 (명),시도간전입 (명),시도간전출 (명),총전입 (명),총전출 (명),순이동 (명),시도내이동-시군구내 (명),시도내이동-시군구간 전입 (명),시도내이동-시군구간 전출 (명),시도간전입 (명),시도간전출 (명),총전입 (명),총전출 (명),순이동 (명),시도내이동-시군구내 (명),시도내이동-시군구간 전입 (명),시도내이동-시군구간 전출 (명),시도간전입 (명),시도간전출 (명),총전입 (명),총전출 (명),순이동 (명),시도내이동-시군구내 (명),시도내이동-시군구간 전입 (명),시도내이동-시군구간 전출 (명),시도간전입 (명),시도간전출 (명),총전입 (명),총전출 (명),순이동 (명),시도내이동-시군구내 (명),시도내이동-시군구간 전입 (명),시도내이동-시군구간 전출 (명),시도간전입 (명),시도간전출 (명),총전입 (명),총전출 (명),순이동 (명),시도내이동-시군구내 (명),시도내이동-시군구간 전입 (명),시도내이동-시군구간 전출 (명),시도간전입 (명),시도간전출 (명),총전입 (명),총전출 (명),순이동 (명),시도내이동-시군구내 (명),시도내이동-시군구간 전입 (명),시도내이동-시군구간 전출 (명),시도간전입 (명),시도간전출 (명),총전입 (명),총전출 (명),순이동 (명),시도내이동-시군구내 (명),시도내이동-시군구간 전입 (명),시도내이동-시군구간 전출 (명),시도간전입 (명),시도간전출 (명),총전입 (명),총전출 (명),순이동 (명),시도내이동-시군구내 (명),시도내이동-시군구간 전입 (명),시도내이동-시군구간 전출 (명),시도간전입 (명),시도간전출 (명),총전입 (명),총전출 (명),순이동 (명),시도내이동-시군구내 (명),시도내이동-시군구간 전입 (명),시도내이동-시군구간 전출 (명),시도간전입 (명),시도간전출 (명),총전입 (명),총전출 (명),순이동 (명),시도내이동-시군구내 (명),시도내이동-시군구간 전입 (명),시도내이동-시군구간 전출 (명),시도간전입 (명),시도간전출 (명),총전입 (명),총전출 (명),순이동 (명),시도내이동-시군구내 (명),시도내이동-시군구간 전입 (명),시도내이동-시군구간 전출 (명),시도간전입 (명),시도간전출 (명),총전입 (명),총전출 (명),순이동 (명),시도내이동-시군구내 (명),시도내이동-시군구간 전입 (명),시도내이동-시군구간 전출 (명),시도간전입 (명),시도간전출 (명),총전입 (명),총전출 (명),순이동 (명),시도내이동-시군구내 (명),시도내이동-시군구간 전입 (명),시도내이동-시군구간 전출 (명),시도간전입 (명),시도간전출 (명),총전입 (명),총전출 (명),순이동 (명),시도내이동-시군구내 (명),시도내이동-시군구간 전입 (명),시도내이동-시군구간 전출 (명),시도간전입 (명),시도간전출 (명),총전입 (명),총전출 (명),순이동 (명),시도내이동-시군구내 (명),시도내이동-시군구간 전입 (명),시도내이동-시군구간 전출 (명),시도간전입 (명),시도간전출 (명),총전입 (명),총전출 (명),순이동 (명),시도내이동-시군구내 (명),시도내이동-시군구간 전입 (명),시도내이동-시군구간 전출 (명),시도간전입 (명),시도간전출 (명),총전입 (명),총전출 (명),순이동 (명),시도내이동-시군구내 (명),시도내이동-시군구간 전입 (명),시도내이동-시군구간 전출 (명),시도간전입 (명),시도간전출 (명),총전입 (명),총전출 (명),순이동 (명),시도내이동-시군구내 (명),시도내이동-시군구간 전입 (명),시도내이동-시군구간 전출 (명),시도간전입 (명),시도간전출 (명),총전입 (명),총전출 (명),순이동 (명),시도내이동-시군구내 (명),시도내이동-시군구간 전입 (명),시도내이동-시군구간 전출 (명),시도간전입 (명),시도간전출 (명),총전입 (명),총전출 (명),순이동 (명),시도내이동-시군구내 (명),시도내이동-시군구간 전입 (명),시도내이동-시군구간 전출 (명),시도간전입 (명),시도간전출 (명)
"서울특별시",104657,107739,-3082,28416,40858,40858,35383,38465,91205,93015,-1810,23625,35141,35141,32439,34249,90743,92319,-1576,23100,34536,34536,33107,34683,2726492,2817484,-90992,1972421,-,-,754071,845063,2437238,2474117,-36879,1764051,-,-,673187,710066,2395814,2500698,-104884,1764955,-,-,630859,735743,2259333,2441965,-182632,1648211,-,-,611122,793754,2240086,2476583,-236497,1666106,-,-,573980,810477,2165332,2487230,-321898,674852,928988,928988,561492,883390,2159555,2370792,-211237,682389,888765,888765,588401,799638,2074884,2253203,-178319,643543,841907,841907,589434,767753,1802931,1936944,-134013,518154,738489,738489,546288,680301,2337989,2419111,-81122,738998,929476,929476,669515,750637,2219407,2266346,-46939,705781,876648,876648,636978,683917,2295784,2409733,-113949,759346,898730,898730,637708,751657,2318051,2424472,-106421,776388,896259,896259,645404,751825,2242723,2311691,-68968,739688,870005,870005,633030,701998,1926235,1973439,-47204,606162,739186,739186,580887,628091,1990749,2041756,-51007,628013,769700,769700,593036,644043,2173907,2210458,-36551,689769,831339,831339,652799,689350,2078045,2130928,-52883,656506,792098,792098,629441,682324,2025358,2083352,-57994,633437,792776,792776,599145,657139,1873188,1925452,-52264,560864,725991,725991,586333,638597,1733015,1848038,-115023,520345,679363,679363,533307,648330,1721748,1834806,-113058,543807,671315,671315,506626,619684,1555281,1658928,-103647,473458,595842,595842,485981,589628,1520090,1620640,-100550,468394,584614,584614,467082,567632,1573594,1661425,-87831,495401,602622,602622,475571,563402,1589431,1726687,-137256,524267,605262,605262,459902,597158,1515602,1655859,-140257,487722,574193,574193,453687,593944,1472937,1571423,-98486,454536,564271,564271,454130,552616,1439707,1549937,-110230,430780,548796,548796,460131,570361,1426493,1476081,-49588,406796,543831,543831,475866,525454,1578127,1642977,-64850,444682,623431,623431,510014,574864,1418187,1524430,-106243,387416,569648,569648,461123,567366
"종로구",1565,1691,-126,226,799,909,540,556,1321,1537,-216,193,598,839,530,505,1554,1625,-71,235,689,869,630,521,-,-,-,-,-,-,-,-,-,-,-,-,-,-,-,-,-,-,-,-,-,-,-,-,-,-,-,-,-,-,-,-,-,-,-,-,-,-,-,-,38043,49716,-11673,9592,17981,26360,10470,13764,38027,44038,-6011,8904,17906,22857,11217,12277,39178,43025,-3847,8632,19089,21987,11457,12406,33844,40192,-6348,7203,16416,22001,10225,10988,43343,46202,-2859,9943,20790,24688,12610,11571,41235,42387,-1152,8939,20821,22884,11475,10564,41117,43830,-2713,9620,20579,23070,10918,11140,40764,43965,-3201,9367,20052,23238,11345,11360,38786,42539,-3753,8961,18917,22720,10908,10858,34830,38024,-3194,7874,16625,20121,10331,10029,34264,39221,-4957,7910,16173,21273,10181,10038,34315,37065,-2750,6913,16840,20035,10562,10117,34813,36258,-1445,6981,17020,19104,10812,10173,39726,35456,4270,7181,21190,18573,11355,9702,31031,33661,-2630,5921,15157,18036,9953,9704,29208,32928,-3720,5703,14256,17822,9249,9403,28329,30663,-2334,5551,14089,16214,8689,8898,26001,29398,-3397,4935,12530,15681,8536,8782,24676,30007,-5331,4921,11803,16405,7952,8681,24191,27484,-3293,4507,11243,14657,8441,8320,24951,27470,-2519,4617,11846,14426,8488,8427,23604,26386,-2782,4145,11135,13913,8324,8328,28020,25814,2206,4512,14610,13178,8898,8124,23187,24798,-1611,3807,11098,12793,8282,8198,22271,23945,-1674,3443,10560,12982,8268,7520,23632,25254,-1622,3355,11704,13881,8573,8018,22204,24428,-2224,3223,11004,13008,7977,8197
"중구",1442,1464,-22,211,725,784,506,469,1266,1239,27,161,638,683,467,395,1289,1244,45,184,602,648,503,412,-,-,-,-,-,-,-,-,-,-,-,-,-,-,-,-,-,-,-,-,-,-,-,-,-,-,-,-,-,-,-,-,-,-,-,-,-,-,-,-,26660,38829,-12169,6795,12634,21603,7231,10431,24979,36935,-11956,6948,11279,20965,6752,9022,23540,29732,-6192,5084,11663,16461,6793,8187,20232,24874,-4642,3755,10544,14052,5933,7067,32641,29424,3217,6895,17495,15649,8251,6880,43248,29437,13811,7871,25388,14567,9989,6999,33129,31884,1245,5967,18303,17666,8859,8251,30513,35942,-5429,6912,15289,19829,8312,9201,26309,30244,-3935,5097,13426,16907,7786,8240,23384,26178,-2794,4180,12027,14526,7177,7472,24481,26563,-2082,4531,12432,14641,7518,7391,27521,27483,38,4992,14546,14819,7983,7672,25871,27222,-1351,4910,13374,14476,7587,7836,30294,30752,-458,6496,16260,16419,7538,7837,23419,25006,-1587,4173,11980,13614,7266,7219,23524,24766,-1242,4296,12336,13273,6892,7197,23613,23618,-5,4383,12710,12349,6520,6886,24872,25198,-326,4832,13064,13252,6976,7114,19191,22508,-3317,3608,9623,12152,5960,6748,20105,22972,-2867,3967,10018,12323,6120,6682,20078,22950,-2872,4070,10073,12126,5935,6754,20595,21655,-1060,3844,10582,11618,6169,6193,20904,20574,330,3338,11189,11319,6377,5917,20771,20873,-102,3424,10733,11100,6614,6349,19623,19384,239,3191,9912,10464,6520,5729,20777,21733,-956,3290,10760,11997,6727,6446,19917,21126,-1209,3015,10378,11274,6524,6837
"용산구",3150,3035,115,746,1472,1356,932,933,2760,2596,164,569,1282,1150,909,877,2496,2474,22,467,1197,1148,832,859,-,-,-,-,-,-,-,-,-,-,-,-,-,-,-,-,-,-,-,-,-,-,-,-,-,-,-,-,-,-,-,-,-,-,-,-,-,-,-,-,45834,58059,-12225,12567,20000,25824,13267,19668,45962,54301,-8339,12036,19766,24022,14160,18243,44464,55047,-10583,13048,17738,24596,13678,17403,46111,45799,312,10747,21431,20230,13933,14822,50279,53228,-2949,12684,21674,24640,15921,15904,52288,51565,723,12621,23414,23976,16253,14968,52052,52527,-475,13247,23288,23590,15517,15690,47347,54582,-7235,12074,20404,25861,14869,16647,46888,49453,-2565,11573,21401,23061,13914,14819,43385,45877,-2492,11010,18775,20790,13600,14077,44988,45420,-432,10664,20283,20669,14041,14087,52581,51552,1029,12852,22998,23272,16731,15428,52200,49800,2400,12353,23516,22294,16331,15153,49673,48616,1057,10964,23203,22356,15506,15296,44827,45337,-510,9596,20557,21040,14674,14701,40673,44770,-4097,9341,18295,20165,13037,15264,45054,44509,545,10048,20960,19444,14046,15017,36702,41248,-4546,8504,16106,18001,12092,14743,34935,39623,-4688,8140,15304,17614,11491,13869,35618,40635,-5017,8454,15452,18266,11712,13915,37064,41361,-4297,9049,16549,18532,11466,13780,34124,38615,-4491,7881,14917,17371,11326,13363,35154,36622,-1468,7302,16054,16866,11798,12454,37339,37801,-462,7853,16999,16873,12487,13075,35099,35673,-574,6998,15746,16435,12355,12240,40282,38985,1297,7599,19374,18523,13309,12863,36011,39572,-3561,7113,16799,18922,12099,13537
"성동구",2725,3156,-431,559,1256,1651,910,946,2545,2908,-363,524,1152,1459,869,925,2706,2934,-228,542,1208,1407,956,985,-,-,-,-,-,-,-,-,-,-,-,-,-,-,-,-,-,-,-,-,-,-,-,-,-,-,-,-,-,-,-,-,-,-,-,-,-,-,-,-,62212,82549,-20337,17897,28138,38655,16177,25997,64889,79659,-14770,20110,28818,37055,15961,22494,60478,69353,-8875,16897,27911,32272,15670,20184,53064,58303,-5239,12746,25236,27136,15082,18421,90078,76164,13914,23790,44672,32988,21616,19386,70923,72588,-1665,18822,32467,35555,19634,18211,77707,79610,-1903,22377,35913,35794,19417,21439,73781,76417,-2636,20321,34090,35093,19370,21003,70192,73559,-3367,18762,32921,34199,18509,20598,59783,61921,-2138,15199,27285,28375,17299,18347,61936,65219,-3283,16413,27982,29774,17541,19032,65839,71284,-5445,18085,28964,33399,18790,19800,61098,64526,-3428,15072,28005,30290,18021,19164,56177,77955,-21778,17919,22872,40474,15386,19562,52050,60218,-8168,13015,23990,29920,15045,17283,46630,52843,-6213,11055,21479,24862,14096,16926,46631,56542,-9911,13129,20378,26901,13124,16512,48010,50610,-2600,12882,21433,22444,13695,15284,45399,47356,-1957,11302,21032,21460,13065,14594,46521,51349,-4828,12336,21559,23717,12626,15296,48105,49091,-986,12008,23324,21935,12773,15148,47629,46986,643,11320,23322,20542,12987,15124,50416,46031,4385,11151,25046,20756,14219,14124,51358,49012,2346,12243,24275,22031,14840,14738,39922,48102,-8180,8737,17927,24606,13258,14759,45153,53096,-7943,10312,20969,26826,13872,15958,39831,46075,-6244,7867,19106,22939,12858,15269
"광진구",4007,4326,-319,1077,1527,1838,1403,1411,3455,3609,-154,874,1373,1448,1208,1287,3496,3538,-42,928,1342,1377,1226,1233,-,-,-,-,-,-,-,-,-,-,-,-,-,-,-,-,-,-,-,-,-,-,-,-,-,-,-,-,-,-,-,-,-,-,-,-,-,-,-,-,86554,95456,-8902,26442,38436,37686,21676,31328,88556,91627,-3071,25698,38972,36534,23886,29395,91544,90302,1242,25754,41339,35940,24451,28608,74254,78931,-4677,19872,32012,32107,22370,26952,92613,101909,-9296,28476,37391,43539,26746,29894,84265,87942,-3677,24296,35193,37901,24776,25745,87604,94149,-6545,26937,35262,37893,25405,29319,89240,93480,-4240,27821,35862,36967,25557,28692,83007,86849,-3842,24698,33805,35590,24504,26561,69492,75591,-6099,19658,27923,31294,21911,24639,70132,77036,-6904,20416,27390,31738,22326,24882,80843,84015,-3172,23997,31716,33705,25130,26313,80713,81438,-725,23506,32052,32016,25155,25916,72506,76456,-3950,20276,29107,31759,23123,24421,70105,74075,-3970,20102,27623,30161,22380,23812,63624,69973,-6349,18517,24714,26928,20393,24528,62574,68014,-5440,18762,24587,26394,19225,22858,58688,61194,-2506,17181,22632,22889,18875,21124,56235,60597,-4362,16772,21261,23081,18202,20744,56778,64189,-7411,18540,20616,24713,17622,20936,58871,63920,-5049,18401,22949,23570,17521,21949,55362,60446,-5084,16943,21257,21770,17162,21733,56010,56647,-637,16364,22011,20936,17635,19347,55728,58774,-3046,17036,21274,21447,17418,20291,52191,57088,-4897,14861,19378,22499,17952,19728,55926,60703,-4777,15474,21585,24944,18867,20285,51522,56750,-5228,13736,20048,22708,17738,20306
"동대문구",3450,3536,-86,833,1451,1462,1166,1241,2969,3053,-84,668,1197,1274,1104,1111,3068,3178,-110,666,1218,1408,1184,1104,-,-,-,-,-,-,-,-,-,-,-,-,-,-,-,-,-,-,-,-,-,-,-,-,-,-,-,-,-,-,-,-,-,-,-,-,-,-,-,-,80839,108542,-27703,30926,29179,47069,20734,30547,75147,98923,-23776,27824,26926,43650,20397,27449,76122,89577,-13455,26822,28680,36845,20620,25910,59402,71949,-12547,17554,22914,31948,18934,22447,79112,91951,-12839,27267,29662,40131,22183,24553,98126,87389,10737,33667,41090,33136,23369,20586,87547,88263,-716,30265,35514,35148,21768,22850,86136,87745,-1609,30469,33994,34035,21673,23241,89445,89483,-38,31294,35544,34817,22607,23372,68461,73090,-4629,22550,25537,29520,20374,21020,76336,75764,572,24404,31038,29630,20894,21730,76916,80539,-3623,25653,29457,31778,21806,23108,77895,82022,-4127,26227,29953,32095,21715,23700,69935,78269,-8334,24004,26586,32230,19345,22035,63640,73484,-9844,20892,24274,31475,18474,21117,57780,61558,-3778,15897,24186,25651,17697,20010,57586,60047,-2461,16392,24043,24460,17151,19195,51643,54915,-3272,13798,20956,22422,16889,18695,56066,56084,-18,16464,22709,21505,16893,18115,57915,59658,-1743,18216,23219,22990,16480,18452,55990,60917,-4927,17367,22257,23826,16366,19724,49591,55622,-6031,14207,19652,22181,15732,19234,47899,52733,-4834,13489,18879,21618,15531,17626,54899,57605,-2706,15918,21820,22741,17161,18946,51660,53660,-2000,14093,20655,22474,16912,17093,54908,58135,-3227,14233,22290,24953,18385,18949,48955,51031,-2076,10881,20389,21435,17685,18715
"중랑구",4047,4179,-132,1440,1469,1304,1138,1435,3339,3523,-184,1129,1270,1143,940,1251,3366,3547,-181,1083,1347,1102,936,1362,-,-,-,-,-,-,-,-,-,-,-,-,-,-,-,-,-,-,-,-,-,-,-,-,-,-,-,-,-,-,-,-,-,-,-,-,-,-,-,-,100756,109015,-8259,37900,40369,35757,22487,35358,125732,107448,18284,42261,58218,31349,25253,33838,93898,102009,-8111,34441,35884,32901,23573,34667,76744,87947,-11203,27218,27924,29687,21602,31042,100057,109259,-9202,38387,35725,36946,25945,33926,94184,101593,-7409,35949,33549,35809,24686,29835,92984,105281,-12297,37012,31754,36504,24218,31765,96601,105550,-8949,38881,33891,35064,23829,31605,93780,100729,-6949,37956,32689,33626,23135,29147,77966,81753,-3787,29348,27790,27047,20828,25358,73971,82408,-8437,28655,26004,27580,19312,26173,85105,88396,-3291,33065,29456,28442,22584,26889,86931,88596,-1665,33827,30616,27444,22488,27325,79115,80820,-1705,29741,28926,25691,20448,25388,70325,75714,-5389,26849,24345,24114,19131,24751,69532,75310,-5778,27296,24441,22713,17795,25301,65150,70397,-5247,25683,22676,22123,16791,22591,60157,66109,-5952,23447,20288,20098,16422,22564,61677,65539,-3862,24314,21331,19517,16032,21708,69157,68497,660,27759,25390,19459,16008,21279,64638,71284,-6646,27773,22351,20339,14514,23172,60566,64823,-4257,24608,21351,17417,14607,22798,56385,59947,-3562,22111,20569,16619,13705,21217,54168,59616,-5448,20671,19406,16476,14091,22469,49446,55932,-6486,18412,17726,17050,13308,20470,60214,62212,-1998,22003,23717,18719,14494,21490,52867,57957,-5090,19004,20585,17493,13278,21460
"성북구",4357,4147,210,1161,1910,1641,1286,1345,3639,3587,52,961,1542,1467,1136,1159,3517,3478,39,784,1511,1527,1222,1167,-,-,-,-,-,-,-,-,-,-,-,-,-,-,-,-,-,-,-,-,-,-,-,-,-,-,-,-,-,-,-,-,-,-,-,-,-,-,-,-,97446,108774,-11328,31198,45320,48219,20928,29357,92018,106004,-13986,31036,40277,46892,20705,28076,88982,101680,-12698,30094,38476,44863,20412,26723,84064,84313,-249,24221,39478,36434,20365,23658,105328,114084,-8756,38460,43066,48814,23802,26810,88791,104406,-15615,31638,35849,48000,21304,24768,87648,100253,-12605,30471,35973,44877,21204,24905,99420,107941,-8521,36742,40251,45723,22427,25476,108745,100712,8033,36224,48691,40700,23830,23788,80258,84035,-3777,26556,33079,35477,20623,22002,101077,91055,10022,31796,46158,36115,23123,23144,106657,98867,7790,34308,47122,39408,25227,25151,96820,102420,-5600,33264,39826,43152,23730,26004,87700,87222,478,25181,39919,38064,22600,23977,81183,81056,127,22456,36175,34901,22552,23699,83641,81163,2478,23690,37780,33684,22171,23789,74040,80006,-5966,22231,31945,33992,19864,23783,67929,73180,-5251,19958,28461,30263,19510,22959,64081,71262,-7181,19260,26903,29945,17918,22057,65082,76521,-11439,20926,26278,32828,17878,22767,66804,76213,-9409,22463,26805,31240,17536,22510,60000,70396,-10396,19693,23758,29144,16549,21559,61285,68221,-6936,20294,24663,27925,16328,20002,57147,65477,-8330,17850,22849,26886,16448,20741,67841,61169,6672,18649,30436,24257,18756,18263,62953,68231,-5278,17857,26351,29471,18745,20903,59054,62394,-3340,15232,26196,26356,17626,20806
"강북구",2994,3093,-99,921,1323,1227,750,945,2666,2655,11,782,1186,1030,698,843,2610,2661,-51,859,1032,1082,719,720,-,-,-,-,-,-,-,-,-,-,-,-,-,-,-,-,-,-,-,-,-,-,-,-,-,-,-,-,-,-,-,-,-,-,-,-,-,-,-,-,75109,90896,-15787,25095,34439,41148,15575,24653,79230,97873,-18643,30793,33007,42531,15430,24549,68932,83343,-14411,23946,30385,37152,14601,22245,54802,63525,-8723,16282,25142,28808,13378,18435,69832,80601,-10769,23020,30853,37455,15959,20126,67968,70643,-2675,21738,31651,30965,14579,17940,71505,74015,-2510,24005,32584,31750,14916,18260,88243,79099,9144,28627,41668,31592,17948,18880,72446,74216,-1770,23967,32120,31252,16359,18997,64330,65650,-1320,21312,27828,27065,15190,17273,59386,67685,-8299,20131,25298,29832,13957,17722,68161,73541,-5380,23939,28726,31114,15496,18488,69503,74648,-5145,25215,29198,30264,15090,19169,63075,68257,-5182,22864,26409,27403,13802,17990,54963,58481,-3518,18151,24011,24201,12801,16129,57460,58668,-1208,18785,25668,23660,13007,16223,53688,56152,-2464,17960,23637,22271,12091,15921,50417,53255,-2838,16987,21335,20872,12095,15396,47329,52704,-5375,16985,19800,20864,10544,14855,48224,52641,-4417,17353,20550,20587,10321,14701,47491,52240,-4749,17050,20125,20424,10316,14766,44791,48947,-4156,15955,18876,18777,9960,14215,42231,44809,-2578,14164,18237,17229,9830,13416,40941,45800,-4859,14384,16708,17345,9849,14071,38046,42622,-4576,12253,15927,17706,9866,12663,41625,46656,-5031,13264,18126,18992,10235,14400,37057,42961,-5904,12081,15985,17098,8991,13782
"도봉구",2575,2849,-274,748,1121,1088,706,1013,2414,2710,-296,789,951,921,674,1000,2361,2435,-74,679,977,899,705,857,-,-,-,-,-,-,-,-,-,-,-,-,-,-,-,-,-,-,-,-,-,-,-,-,-,-,-,-,-,-,-,-,-,-,-,-,-,-,-,-,85903,85667,236,23277,44545,35117,18081,27273,98462,93331,5131,31536,47183,34237,19743,27558,86581,84588,1993,24346,42918,32859,19317,27383,62449,71887,-9438,17760,27637,29893,17052,24234,80707,89317,-8610,25447,35310,37090,19950,26780,72509,80094,-7585,22559,31573,34228,18377,23307,82253,84289,-2036,27026,36316,33358,18911,23905,81433,82723,-1290,26626,35533,32654,19274,23443,78874,75399,3475,23558,35734,29318,19582,22523,71301,67448,3853,21967,31136,25002,18198,20479,68111,70141,-2030,21225,29970,27487,16916,21429,71116,76517,-5401,22920,29776,30538,18420,23059,72973,76208,-3235,23844,30824,28843,18305,23521,66651,70401,-3750,21559,27959,27174,17133,21668,57210,62980,-5770,18234,23272,24945,15704,19801,53589,61207,-7618,17662,21366,23646,14561,19899,54372,58382,-4010,18544,22182,21650,13646,18188,48249,52887,-4638,16299,19418,18944,12532,17644,47956,52619,-4663,16791,19119,18737,12046,17091,45658,51552,-5894,16128,18121,18276,11409,17148,48961,52460,-3499,17450,20163,17754,11348,17256,44836,48607,-3771,15745,18310,16231,10781,16631,40965,45260,-4295,13548,16966,15818,10451,15894,39518,44213,-4695,13353,16245,14959,9920,15901,35445,41225,-5780,11370,14573,15080,9502,14775,40435,47892,-7457,13305,17053,17260,10077,17327,36895,42682,-5787,11844,15678,15237,9373,15601
"노원구",3806,4549,-743,1288,1364,1600,1154,1661,3476,4209,-733,1065,1239,1438,1172,1706,3490,3957,-467,1008,1241,1383,1241,1566,-,-,-,-,-,-,-,-,-,-,-,-,-,-,-,-,-,-,-,-,-,-,-,-,-,-,-,-,-,-,-,-,-,-,-,-,-,-,-,-,143670,139675,3995,46136,71939,50365,25595,43174,115966,133322,-17356,40694,50272,54886,25000,37742,117979,122791,-4812,40863,51257,45932,25859,35996,109060,104299,4761,32144,51850,38336,25066,33819,151944,133888,18056,49672,68890,46168,33382,38048,134116,124947,9169,44729,57643,44036,31744,36182,147829,138543,9286,52612,61875,46712,33342,39219,130085,139033,-8948,47849,50310,51078,31926,40106,120431,133348,-12917,42763,46873,51382,30795,39203,102643,109590,-6947,34245,40130,41427,28268,33918,108949,117743,-8794,39110,41176,42580,28663,36053,116243,123212,-6969,40334,43382,44688,32527,38190,112976,117901,-4925,38296,42904,41814,31776,37791,100614,104915,-4301,32435,38734,38372,29445,34108,92019,100423,-8404,29670,33678,36367,28671,34386,84687,92813,-8126,26361,32611,33218,25715,33234,82094,91939,-9845,27960,30442,32666,23692,31313,75404,84716,-9312,24519,28016,27918,22869,32279,74362,83460,-9098,25535,27219,26905,21608,31020,73503,83748,-10245,25915,26388,27796,21200,30037,73528,83672,-10144,26191,26958,26038,20379,31443,72249,81176,-8927,26140,25665,24363,20444,30673,64406,78488,-14082,23570,21744,25639,19092,29279,61867,72748,-10881,20348,22309,22561,19210,29839,57183,68095,-10912,18216,20083,23167,18884,26712,68176,77707,-9531,23390,24801,25592,19985,28725,58736,68473,-9737,18539,22295,22981,17902,26953
"은평구",5717,5112,605,1896,2171,1296,1650,1920,4616,4592,24,1626,1632,1316,1358,1650,4436,4565,-129,1623,1515,1158,1298,1784,-,-,-,-,-,-,-,-,-,-,-,-,-,-,-,-,-,-,-,-,-,-,-,-,-,-,-,-,-,-,-,-,-,-,-,-,-,-,-,-,99436,112418,-12982,33237,38325,32865,27874,46316,99622,107188,-7566,34032,36347,30983,29243,42173,93576,105342,-11766,32791,32278,30658,28507,41893,75170,88496,-13326,25945,24312,28059,24913,34492,95912,106613,-10701,35588,30311,33955,30013,37070,93293,100774,-7481,35285,29691,31523,28317,33966,102341,106823,-4482,40529,33399,29052,28413,37242,105674,105499,175,42063,33923,27773,29688,35663,101125,98242,2883,38464,33273,27260,29388,32518,88656,87901,755,33870,28497,23061,26289,30970,87124,96367,-9243,36453,25633,27211,25038,32703,98161,106151,-7990,43324,27501,28718,27336,34109,91445,99418,-7973,39284,25953,27383,26208,32751,105127,108163,-3036,46240,34881,28495,24006,33428,88552,82920,5632,34125,29661,22001,24766,26794,99486,87400,12086,37527,36710,21492,25249,28381,88184,84656,3528,36143,29619,20945,22422,27568,82891,77208,5683,30714,30217,19484,21960,27010,77427,77311,116,29618,27168,19325,20641,28368,73950,80850,-6900,30549,23395,20600,20006,29701,82375,85329,-2954,34346,27880,20433,20149,30550,74864,82925,-8061,33453,23255,20740,18156,28732,68402,73637,-5235,27968,22431,18672,18003,26997,67489,71519,-4030,26823,22289,17178,18377,27518,69399,72721,-3322,27569,22588,17515,19242,27637,76364,76165,199,27771,27369,19373,21224,29021,63269,66951,-3682,22712,22585,17449,17972,26790
"서대문구",3156,3226,-70,589,1380,1518,1187,1119,2765,2733,32,488,1192,1257,1085,988,2976,2855,121,464,1332,1279,1180,1112,-,-,-,-,-,-,-,-,-,-,-,-,-,-,-,-,-,-,-,-,-,-,-,-,-,-,-,-,-,-,-,-,-,-,-,-,-,-,-,-,77618,85380,-7762,21357,37211,35175,19050,28848,71171,79301,-8130,19575,32025,33723,19571,26003,68998,79654,-10656,19919,29907,33808,19172,25927,73541,68645,4896,19600,34099,27395,19842,21650,83984,82358,1626,23095,36732,35167,24157,24096,79805,81678,-1873,23064,34784,35949,21957,22665,80029,83741,-3712,23094,34966,36260,21969,24387,79167,84549,-5382,23556,33248,36858,22363,24135,72969,80861,-7892,22048,29925,35935,20996,22878,62024,67290,-5266,16884,25802,29920,19338,20486,65711,69775,-4064,18214,27911,30318,19586,21243,74048,75397,-1349,21261,31148,32172,21639,21964,67811,69545,-1734,18132,29111,30022,20568,21391,67973,86337,-18364,21872,28135,40672,17966,23793,55046,60558,-5512,13740,23578,27932,17728,18886,50156,61119,-10963,12894,21373,29348,15889,18877,48068,58502,-10434,12960,20221,27357,14887,18185,50685,51250,-565,12212,22911,22428,15562,16610,47645,49668,-2023,11666,21247,21308,14732,16694,45088,49817,-4729,11251,19217,21795,14620,16771,55729,55165,564,15178,24763,22764,15788,17223,55152,54236,916,14917,24253,21666,15982,17653,48534,50286,-1752,11716,21699,22362,15119,16208,45861,48484,-2623,11158,19492,20742,15211,16584,45729,46677,-948,10070,19646,20288,16013,16319,56504,53579,2925,12499,25780,23620,18225,17460,42484,47061,-4577,8262,18595,21779,15627,17020
"마포구",4476,4640,-164,1065,1821,2099,1590,1476,3884,3788,96,849,1588,1718,1447,1221,3778,3904,-126,810,1548,1678,1420,1416,-,-,-,-,-,-,-,-,-,-,-,-,-,-,-,-,-,-,-,-,-,-,-,-,-,-,-,-,-,-,-,-,-,-,-,-,-,-,-,-,76825,94164,-17339,24229,31306,37978,21290,31957,77844,87708,-9864,23560,31610,35078,22674,29070,79141,84773,-5632,24453,32102,32959,22586,27361,68754,75746,-6992,20454,27476,30016,20824,25276,91449,94005,-2556,29379,35473,37751,26597,26875,88925,90838,-1913,29492,34153,36495,25280,24851,81870,92681,-10811,27254,30634,38830,23982,26597,86699,92783,-6084,29040,33089,37591,24570,26152,92698,90573,2125,30626,36077,34926,25995,25021,80639,78528,2111,24282,32055,31293,24302,22953,84499,81467,3032,24526,34959,33157,25014,23784,87991,87999,-8,25207,36023,36268,26761,26524,82085,83227,-1142,22421,33459,34773,26205,26033,82753,93253,-10500,24965,33960,41569,23828,26719,73262,76687,-3425,19901,29798,32526,23563,24260,75393,76441,-1048,20885,33130,30725,21378,24831,70011,74510,-4499,20053,29312,30025,20646,24432,60874,67554,-6680,16765,24267,27848,19842,22941,60331,65135,-4804,16445,24529,26637,19357,22053,68853,67146,1707,18941,28596,26208,21316,21997,71484,72254,-770,20023,30118,29185,21343,23046,62642,72793,-10151,18248,24297,31508,20097,23037,57490,63689,-6199,14608,23249,28404,19633,20677,60227,61071,-844,14817,24582,25393,20828,20861,57766,59573,-1807,13553,23286,25731,20927,20289,66215,68667,-2452,15705,27864,30927,22646,22035,61543,62124,-581,13751,26924,26899,20868,21474
"양천구",3891,4588,-697,1241,1514,1770,1136,1577,3326,3678,-352,890,1428,1352,1008,1436,3468,3813,-345,971,1406,1382,1091,1460,-,-,-,-,-,-,-,-,-,-,-,-,-,-,-,-,-,-,-,-,-,-,-,-,-,-,-,-,-,-,-,-,-,-,-,-,-,-,-,-,98258,108210,-9952,27405,43660,38794,27193,42011,98852,102083,-3231,27934,42480,36488,28438,37661,93566,98549,-4983,26978,39379,35316,27209,36255,81501,85278,-3777,22617,33337,31093,25547,31568,98870,105352,-6482,29711,39630,41546,29529,34095,102477,99677,2800,31097,40829,37693,30551,30887,106165,110890,-4725,33808,42237,43353,30120,33729,107554,109465,-1911,34728,42609,41418,30217,33319,103754,102700,1054,34591,39445,37820,29718,30289,91815,85364,6451,27599,36225,31836,27991,25929,94579,91780,2799,30040,36909,34199,27630,27541,104220,104527,-307,33806,40178,39823,30236,30898,92032,92960,-928,29097,35085,34306,27850,29557,84543,88566,-4023,25545,33521,34442,25477,28579,84517,87647,-3130,25822,33387,32930,25308,28895,75105,84099,-8994,24256,29024,31040,21825,28803,81691,83464,-1773,27076,34034,29650,20581,26738,65512,71946,-6434,21433,25411,25071,18668,25442,63005,68505,-5500,20157,25257,24905,17591,23443,62502,70772,-8270,19751,25270,28531,17481,22490,66589,70624,-4035,21529,27206,25927,17854,23168,65385,74404,-9019,24067,25381,26513,15937,23824,54797,62729,-7932,17134,22226,23721,15437,21874,54579,62414,-7835,16607,22383,22756,15589,23051,50256,56733,-6477,14024,21068,22060,15164,20649,64081,68021,-3940,19084,27259,25827,17738,23110,54952,60442,-5490,15867,23326,22780,15759,21795
"강서구",6830,6512,318,2058,2451,1850,2321,2604,6007,5947,60,1849,2026,1641,2132,2457,5590,5869,-279,1685,1853,1672,2052,2512,-,-,-,-,-,-,-,-,-,-,-,-,-,-,-,-,-,-,-,-,-,-,-,-,-,-,-,-,-,-,-,-,-,-,-,-,-,-,-,-,119691,109425,10266,33520,57689,33296,28482,42609,106554,110604,-4050,33655,43076,35394,29823,41555,99976,110074,-10098,32720,37738,34926,29518,42428,86784,92108,-5324,26794,32403,29009,27587,36305,121439,122135,-696,41832,44643,38076,34964,42227,108288,111866,-3578,37347,38991,36385,31950,38134,121743,125087,-3344,45101,44674,38121,31968,41865,130910,126569,4341,47864,48093,38304,34953,40401,116850,110315,6535,41401,41637,33419,33812,35495,103748,102102,1646,37157,36003,31614,30588,33331,113707,104295,9412,39653,40565,31444,33489,33198,117245,119233,-1988,42079,40950,37688,34216,39466,112558,111340,1218,39545,39820,33625,33193,38170,127205,115028,12177,45716,46093,31415,35396,37897,100639,108540,-7901,36478,33828,33774,30333,38288,91718,100863,-9145,31280,32584,30988,27854,38595,90049,98634,-8585,30910,32404,30173,26735,37551,82623,87711,-5088,27209,29804,25160,25610,35342,84702,86246,-1544,28785,30372,24236,25545,33225,109436,96548,12888,39586,41642,24225,28208,32737,94604,94501,103,33798,33645,25985,27161,34718,95852,93011,2841,33063,35464,24866,27325,35082,90217,86483,3734,28946,32381,23318,28890,34219,83699,90281,-6582,26562,28883,24894,28254,38825,78518,85057,-6539,24729,26068,25354,27721,34974,87198,99573,-12375,27937,29883,29855,29378,41781,87269,91368,-4099,28004,31430,25250,27835,38114
"구로구",3686,4113,-427,919,1309,1269,1458,1925,3050,3330,-280,627,1110,1098,1313,1605,3186,3318,-132,669,1125,1077,1392,1572,-,-,-,-,-,-,-,-,-,-,-,-,-,-,-,-,-,-,-,-,-,-,-,-,-,-,-,-,-,-,-,-,-,-,-,-,-,-,-,-,75788,94810,-19022,21732,28224,30439,25832,42639,73960,82436,-8476,20022,27586,26089,26352,36325,73247,78273,-5026,19241,27058,24934,26948,34098,69626,68536,1090,17201,27037,22268,25388,29067,94939,83867,11072,24100,36632,26773,34207,32994,85684,82111,3573,22642,32684,27442,30358,32027,101012,92499,8513,27831,37765,28628,35416,36040,85086,89808,-4722,23894,31134,29317,30058,36597,83997,86849,-2852,23886,29720,29269,30391,33694,73380,72295,1085,19044,26429,24769,27907,28482,72141,75913,-3772,18981,25372,26160,27788,30772,85511,85880,-369,22983,30769,29020,31759,33877,77492,80945,-3453,20837,27283,26330,29372,33778,72802,76899,-4097,19091,25928,25253,27783,32555,68459,71744,-3285,17010,25121,23468,26328,31266,63011,69935,-6924,15824,23408,21730,23779,32381,72945,72658,287,19588,29051,21606,24306,31464,59003,62428,-3425,15278,21133,19467,22592,27683,56381,62188,-5807,14891,19733,19885,21757,27412,62804,65025,-2221,17625,21991,20613,23188,26787,57099,64052,-6953,16414,19681,19671,21004,27967,54368,61558,-7190,14722,19444,19205,20202,27631,50077,58672,-8595,13395,17035,18527,19647,26750,51108,58543,-7435,13516,18279,17607,19313,27420,54791,53666,1125,12486,20568,17069,21737,24111,60885,64024,-3139,14660,20745,21172,25480,28192,48170,54880,-6710,11292,18189,17645,18689,25943
"금천구",3034,2761,273,723,1071,758,1240,1280,2602,2462,140,622,840,694,1140,1146,2348,2371,-23,607,748,640,993,1124,-,-,-,-,-,-,-,-,-,-,-,-,-,-,-,-,-,-,-,-,-,-,-,-,-,-,-,-,-,-,-,-,-,-,-,-,-,-,-,-,59911,80827,-20916,21356,18958,23846,19597,35625,53695,68037,-14342,17478,17156,20085,19061,30474,60392,64722,-4330,19017,21085,18283,20290,27422,54166,54977,-811,15476,20098,15888,18592,23613,57282,63327,-6045,17842,18453,19642,20987,25843,53627,58447,-4820,16742,16959,18501,19926,23204,52787,60693,-7906,17495,17067,17700,18225,25498,62489,62829,-340,21663,21066,15777,19760,25389,55017,56003,-986,17794,18184,15774,19039,22435,44365,47486,-3121,14156,13936,14233,16273,19097,44200,48430,-4230,14332,13404,14393,16464,19705,48937,53748,-4811,16444,14158,15882,18335,21422,46131,52245,-6114,16256,13940,14832,15935,21157,42730,46558,-3828,13720,13682,13010,15328,19828,38427,42817,-4390,11628,12019,11699,14780,19490,37595,43034,-5439,11144,12195,10883,14256,21007,40140,43017,-2877,12856,12628,11383,14656,18778,36640,37818,-1178,11338,11140,10060,14162,16420,34966,38174,-3208,11885,10024,10247,13057,16042,33510,37071,-3561,11160,9650,10054,12700,15857,34056,37303,-3247,11341,10463,9633,12252,16329,34870,36528,-1658,11451,11013,9369,12406,15708,34230,34907,-677,10288,10988,8764,12954,15855,33794,35508,-1714,9958,11073,8692,12763,16858,32416,33728,-1312,8757,10559,9172,13100,15799,35753,36963,-1210,9476,11899,10542,14378,16945,35663,35047,616,8884,12626,9594,14153,16569
"영등포구",4411,4626,-215,862,1820,2058,1729,1706,4032,3954,78,669,1725,1747,1638,1538,4000,3809,191,638,1711,1694,1651,1477,-,-,-,-,-,-,-,-,-,-,-,-,-,-,-,-,-,-,-,-,-,-,-,-,-,-,-,-,-,-,-,-,-,-,-,-,-,-,-,-,81290,102524,-21234,22897,32321,39725,26072,39902,80912,95598,-14686,22085,33163,37862,25664,35651,86554,92249,-5695,22788,36877,35776,26889,33685,73152,77273,-4121,17611,31305,31379,24236,28283,94007,96641,-2634,24966,39396,39660,29645,32015,88180,90514,-2334,23105,36734,38087,28341,29322,90356,93389,-3033,24332,38335,38051,27689,31006,96490,97095,-605,26989,40859,38813,28642,31293,81793,89287,-7494,21481,34246,38310,26066,29496,78876,78701,175,19728,33073,32739,26075,26234,80458,81896,-1438,20161,33926,34415,26371,27320,86077,89192,-3115,21654,36130,38285,28293,29253,76795,81428,-4633,18797,32136,34480,25862,28151,77094,81344,-4250,19171,32946,33804,24977,28369,69169,75640,-6471,16701,28641,31897,23827,27042,66644,75966,-9322,16966,27301,31105,22377,27895,65477,77778,-12301,18008,25926,32058,21543,27712,57623,66140,-8517,13659,23137,26563,20827,25918,57690,65125,-7435,14267,23101,26660,20322,24198,59057,65662,-6605,14231,23818,28084,21008,23347,58936,65678,-6742,14054,24161,27347,20721,24277,61308,71785,-10477,17380,23422,29393,20506,25012,62622,66039,-3417,15910,25762,27019,20950,23110,59862,62108,-2246,13239,24622,25540,22001,23329,56874,58253,-1379,11478,23115,25229,22281,21546,79309,68526,10783,17224,36063,28497,26022,22805,60565,61108,-543,11395,26801,26255,22369,23458
"동작구",4454,4642,-188,852,1900,2069,1702,1721,4126,3953,173,757,1747,1692,1622,1504,3981,4137,-156,748,1616,1780,1617,1609,-,-,-,-,-,-,-,-,-,-,-,-,-,-,-,-,-,-,-,-,-,-,-,-,-,-,-,-,-,-,-,-,-,-,-,-,-,-,-,-,92023,101487,-9464,22926,43706,40769,25391,37792,88887,95394,-6507,22407,40621,38917,25859,34070,86832,94374,-7542,22980,37620,38744,26232,32650,70708,80896,-10188,17425,30488,34504,22795,28967,90774,100791,-10017,24336,38973,44875,27465,31580,88009,94528,-6519,25402,36820,40663,25787,28463,89568,102429,-12861,26863,37215,44134,25490,31432,92779,98247,-5468,26388,39660,41250,26731,30609,101038,95500,5538,26459,46119,39860,28460,29181,81086,82905,-1819,21205,34144,34872,25737,26828,85302,88323,-3021,22444,36536,38041,26322,27838,89152,93722,-4570,23240,38112,41214,27800,29268,86005,91305,-5300,23736,35550,38350,26719,29219,78779,86766,-7987,20941,32671,37608,25167,28217,71983,77588,-5605,16404,30629,34474,24950,26710,70829,74307,-3478,15987,31217,31003,23625,27317,70217,73726,-3509,16168,31395,31393,22654,26165,68660,66673,1987,15148,30753,26598,22759,24927,70907,67868,3039,15558,32277,27796,23072,24514,63291,69117,-5826,14929,26638,29558,21724,24630,66694,76096,-9402,17787,27910,31565,20997,26744,66425,68243,-1818,15963,29101,27605,21361,24675,60949,66978,-6029,14741,25321,28015,20887,24222,65099,66105,-1006,14489,28822,26972,21788,24644,61168,62047,-879,13135,25706,26513,22327,22399,64496,69650,-5154,13784,27698,32236,23014,23630,64257,68311,-4054,13934,28111,29136,22212,25241
"관악구",7614,7232,382,1934,2264,2522,3416,2776,6706,6346,360,1563,1966,2397,3177,2386,6635,6340,295,1590,1948,2210,3097,2540,-,-,-,-,-,-,-,-,-,-,-,-,-,-,-,-,-,-,-,-,-,-,-,-,-,-,-,-,-,-,-,-,-,-,-,-,-,-,-,-,114998,142867,-27869,43187,39072,48871,32739,50809,116233,137341,-21108,45422,37382,46672,33429,45247,106420,120989,-14569,36526,35945,43280,33949,41183,89740,103129,-13389,28431,31477,37522,29832,37176,120732,133626,-12894,43816,40178,47829,36738,41981,127587,126423,1164,46901,42654,42264,38032,37258,134795,136291,-1496,49081,47053,44950,38661,42260,124112,132812,-8700,44030,40332,45411,39750,43371,124586,127185,-2599,42226,41735,44244,40625,40715,115947,111561,4386,36334,39714,37730,39899,37497,112992,116497,-3505,34817,38228,41704,39947,39976,132730,130804,1926,42590,44297,45597,45843,42617,124277,128115,-3838,39068,39730,44292,45479,44755,115476,120609,-5133,34953,37500,42264,43023,43392,104469,113071,-8602,29163,33594,40932,41712,42976,100901,110153,-9252,28114,33027,37890,39760,44149,97502,105431,-7929,26864,32313,37536,38325,41031,92666,98563,-5897,25911,28863,33940,37892,38712,89789,97304,-7515,25624,28044,33734,36121,37946,90987,98182,-7195,26344,28127,34262,36516,37576,94590,100724,-6134,29534,29383,32946,35673,38244,91198,96179,-4981,26502,28095,32592,36601,37085,90303,94943,-4640,26604,26843,32178,36856,36161,94403,96477,-2074,26397,28415,32225,39591,37855,93583,95788,-2205,26502,27024,33368,40057,35918,98301,103226,-4925,27197,29962,37731,41142,38298,89756,95711,-5955,23003,28513,34274,38240,38434
"서초구",4186,4983,-797,1043,1848,2361,1295,1579,3679,4193,-514,898,1512,1909,1269,1386,3921,4256,-335,934,1597,1923,1390,1399,-,-,-,-,-,-,-,-,-,-,-,-,-,-,-,-,-,-,-,-,-,-,-,-,-,-,-,-,-,-,-,-,-,-,-,-,-,-,-,-,80457,87241,-6784,17818,40027,34513,22612,34910,84573,85329,-756,18900,38945,33923,26728,32506,80466,84991,-4525,18336,35738,35049,26392,31606,73601,78019,-4418,15832,32674,32904,25095,29283,96431,98483,-2052,23802,42468,41529,30161,33152,82447,88543,-6096,19451,35574,39991,27422,29101,92347,97738,-5391,22891,41131,41305,28325,33542,90932,96807,-5875,22965,40047,40703,27920,33139,97847,93233,4614,24931,44161,38929,28755,29373,83100,79175,3925,19735,37196,33090,26169,26350,93132,93674,-542,26146,38781,39388,28205,28140,98911,93785,5126,24796,43644,40664,30471,28325,83626,87971,-4345,21154,35668,38985,26804,27832,75998,78185,-2187,16809,33807,35593,25382,25783,102723,86024,16699,25493,46746,33198,30484,27333,80612,80944,-332,19807,35653,32787,25152,28350,78798,82637,-3839,20716,34698,34555,23384,27366,73029,74371,-1342,18307,32630,30716,22092,25348,80562,76974,3588,21145,37194,31585,22223,24244,79323,74512,4811,20539,36020,30348,22764,23625,76543,83320,-6777,22715,32933,34364,20895,26241,71136,74319,-3183,19100,30999,30075,21037,25144,68680,76574,-7894,20152,28160,32193,20368,24229,74658,83489,-8831,24245,29695,34480,20718,24764,63335,67634,-4299,16198,26537,29655,20600,21781,71250,77669,-6419,19374,30117,34269,21759,24026,70064,81777,-11713,21088,29154,35450,19822,25239
"강남구",6201,6504,-303,1601,2525,2692,2075,2211,5740,5703,37,1500,2179,2211,2061,1992,6031,5667,364,1510,2279,2205,2242,1952,-,-,-,-,-,-,-,-,-,-,-,-,-,-,-,-,-,-,-,-,-,-,-,-,-,-,-,-,-,-,-,-,-,-,-,-,-,-,-,-,107188,124079,-16891,29863,48382,44837,28943,49379,114110,117083,-2973,31663,48555,43168,33892,42252,113058,118026,-4968,31804,46591,44082,34663,42140,106381,108714,-2333,29114,43690,40244,33577,39356,132015,132134,-119,38191,53597,50668,40227,43275,121208,127836,-6628,36543,46346,50796,38319,40497,127911,139099,-11188,39551,48808,52860,39552,46688,135665,142430,-6765,43206,51532,52879,40927,46345,131412,137951,-6539,42305,49693,52989,39414,42657,116543,115281,1262,33687,46201,43096,36655,38498,125859,117527,8332,35690,49222,44208,40947,37629,145067,130417,14650,41988,56425,47888,46654,40541,128375,126813,1562,37352,48074,49427,42949,40034,114440,119593,-5153,32011,42907,49652,39522,37930,124656,122434,2222,33686,48071,48186,42899,40562,110126,114915,-4789,31654,41322,42817,37150,40444,113315,120534,-7219,36421,42628,45082,34266,39031,97038,101358,-4320,27231,37568,38156,32239,35971,96256,100020,-3764,27690,37289,37181,31277,35149,115906,104412,11494,32264,47888,37696,35754,34452,108537,114523,-5986,34336,40957,41754,33244,38433,95358,108949,-13591,29827,34525,40474,31006,38648,90474,103367,-12893,28057,33068,40280,29349,35030,91611,106802,-15191,28824,32819,42305,29968,35673,95557,93716,1841,25921,37000,37362,32636,30433,95325,101582,-6257,26024,36333,42554,32968,33004,94082,98106,-4024,25525,37476,39174,31081,33407
"송파구",7423,7483,-60,2288,2502,2404,2633,2791,6242,6326,-84,1956,2128,2118,2158,2252,6278,6269,9,2007,2054,1939,2217,2323,-,-,-,-,-,-,-,-,-,-,-,-,-,-,-,-,-,-,-,-,-,-,-,-,-,-,-,-,-,-,-,-,-,-,-,-,-,-,-,-,135964,154339,-18375,45572,52795,46776,37597,61991,142543,146043,-3500,46936,54194,44619,41413,54488,142408,143015,-607,46597,53320,43608,42491,52810,120701,131204,-10503,39753,42630,41840,38318,49611,149819,158164,-8345,51658,51834,52265,46327,54241,138999,148497,-9498,48785,46571,49577,43643,50135,145559,157781,-12222,54112,47523,47348,43924,56321,149147,161203,-12056,56949,48386,48364,43812,55890,141669,171749,-30080,60620,41295,57325,39754,53804,120001,137701,-17700,48653,36383,44237,34965,44811,120076,121336,-1260,42953,39724,37552,37399,40831,124586,126487,-1901,43103,41137,40029,40346,43355,140657,127675,12982,48045,49727,38008,42885,41622,171949,131121,40828,57083,66309,34988,48557,39050,138810,130617,8193,46009,49158,40945,43643,43663,117420,126686,-9266,41775,39442,39223,36203,45688,117663,124898,-7235,44125,40095,38193,33443,42580,106747,120232,-13485,42815,33215,35531,30717,41886,99953,108855,-8902,37469,32343,33125,30141,38261,99723,107490,-7767,35426,32954,35029,31343,37035,101994,111346,-9352,39136,34340,31936,28518,40274,105735,112735,-7000,37505,36782,29011,31448,46219,110872,107154,3718,37182,40957,30710,32733,39262,101060,101486,-426,33018,36128,28508,31914,39960,123273,116301,6972,44397,41824,32620,37052,39284,106928,116457,-9529,35767,36313,38141,34848,42549,105181,113651,-8470,33451,38244,36374,33486,43826
"강동구",5460,5292,168,2135,1865,1332,1460,1825,4580,4384,196,1616,1640,1139,1324,1629,4162,4075,87,1409,1440,1049,1313,1617,-,-,-,-,-,-,-,-,-,-,-,-,-,-,-,-,-,-,-,-,-,-,-,-,-,-,-,-,-,-,-,-,-,-,-,-,-,-,-,-,102859,122281,-19422,41928,34332,33301,26599,47052,101631,113186,-11555,40880,33001,30786,27750,41520,98552,106725,-8173,39466,30929,28676,28157,38583,85080,91904,-6824,32399,26879,25736,25802,33769,114402,115588,-1186,46641,35628,31632,32133,37315,113225,111623,1602,47096,35220,30225,30909,34302,107926,117948,-10022,47865,30562,31776,29499,38307,107784,117899,-10115,47364,30937,30667,29483,39868,109065,114712,-5647,48003,32374,30373,28688,36336,90222,97992,-7770,39929,25393,26052,24900,32011,87338,96221,-8883,38348,24626,26191,24364,31682,95974,100645,-4671,40236,27884,26893,27854,33516,96963,96902,61,39287,29274,25493,28402,32122,93023,91811,1212,36700,29271,25496,27052,29615,111704,98730,12974,45645,36698,23255,29361,29830,83671,86177,-2506,33629,25845,22710,24197,29838,94557,94092,465,41276,29342,22895,23939,29921,73218,82966,-9748,32096,20554,22036,20568,28834,68569,75508,-6939,29102,19932,19805,19535,26601,66412,75575,-9163,28704,18582,20007,19126,26864,73720,94194,-20474,37637,18422,21542,17661,35015,67962,84535,-16573,31043,19337,17849,17582,35643,81615,90819,-9204,37992,24183,22205,19440,30622,59334,68933,-9599,24240,17598,16292,17496,28401,75101,67292,7809,27754,25919,15175,21428,24363,101437,78271,23166,34098,39416,17529,27923,26644,77883,74444,3439,27713,29211,18138,20959,28593
"경기도",139279,135560,3719,53318,40786,40786,45175,41456,126466,122570,3896,48330,36588,36588,41548,37652,121546,119318,2228,45225,35480,35480,40841,38613,1609933,1359422,250511,842522,-,-,767411,516900,1472190,1295128,177062,809179,-,-,663011,485949,1564272,1349401,214871,866274,-,-,697998,483127,1711603,1417105,294498,932048,-,-,779555,485057,1807997,1485920,322077,1009580,-,-,798417,476340,1952466,1579952,372514,666711,416103,416103,869652,497138,1905357,1652688,252669,673810,437677,437677,793870,541201,1950705,1736957,213748,683746,492703,492703,774256,560508,1707411,1584923,122488,604610,438644,438644,664157,541669,2079470,1905336,174134,764697,522349,522349,792424,618290,2042327,1858301,184026,760797,523359,523359,758171,574145,2256103,2007156,248947,832420,589534,589534,834149,585202,2449422,2133640,315782,919703,634668,634668,895051,579269,2304535,2082492,222043,872233,599319,599319,832983,610940,2079220,1890345,188875,762655,560782,560782,755783,566908,2197321,2028470,168851,839637,587523,587523,770161,601310,2459641,2321008,138633,993502,655523,655523,810616,671983,2306957,2193857,113100,899800,626104,626104,781053,667953,2195585,2094988,100597,860674,594277,594277,740634,640037,2175681,2081528,94153,861125,594740,594740,719816,625663,2168820,2026383,142437,834147,601122,601122,733551,591114,2062422,1986623,75799,832888,554918,554918,674616,598817,1944962,1862209,82753,766080,528485,528485,650397,567644,1895434,1821303,74131,767618,506877,506877,620939,546808,1891775,1834379,57396,769180,505892,505892,616703,559307,1993080,1898312,94768,816014,530250,530250,646816,552048,1958593,1824976,133617,785160,515941,515941,657492,523875,1888324,1772162,116162,740434,518753,518753,629137,512975,2041715,1871621,170094,788471,578031,578031,675213,505119,1940962,1806296,134666,744143,557565,557565,639254,504588,2152572,1984199,168373,842504,605557,605557,704511,536138,2036215,1885698,150517,779725,586091,586091,670399,519882
"경상북도",22176,22205,-29,9190,3921,3921,9065,9094,19948,21091,-1143,8618,3606,3606,7724,8867,18938,19975,-1037,7673,3565,3565,7700,8737,437000,486953,-49953,267813,-,-,169187,219140,449029,496337,-47308,284168,-,-,164861,212169,412622,442454,-29832,254638,-,-,157984,187816,421328,436837,-15509,264207,-,-,157121,172630,392828,411211,-18383,249181,-,-,143647,162030,419925,424533,-4608,210968,63770,63770,145187,149795,416050,410502,5548,196919,62746,62746,156385,150837,395678,401893,-6215,185456,63455,63455,146767,152982,388186,387613,573,178700,62323,62323,147163,146590,424035,437240,-13205,202379,70253,70253,151403,164608,380638,406344,-25706,176848,70696,70696,133094,158800,380826,402131,-21305,179985,66012,66012,134829,156134,384589,415867,-31278,182668,68875,68875,133046,164324,371006,407839,-36833,169350,68844,68844,132812,169645,360764,387685,-26921,168353,62499,62499,129912,156833,374711,386228,-11517,164429,63390,63390,146892,158409,391486,394805,-3319,169701,68864,68864,152921,156240,380925,395536,-14611,171623,67182,67182,142120,156731,363297,377397,-14100,165140,64193,64193,133964,148064,367244,375551,-8307,165775,62241,62241,139228,147535,354575,358127,-3552,158808,58834,58834,136933,140485,363511,358695,4816,163443,60091,60091,139977,135161,335362,340222,-4860,148144,56104,56104,131114,135974,329118,330983,-1865,146235,54971,54971,127912,129777,337041,338029,-988,145694,55565,55565,135782,136770,344730,345307,-577,148598,60511,60511,135621,136198,315652,318803,-3151,138749,54605,54605,122298,125449,311061,316642,-5581,140628,52607,52607,117826,123407,309446,318671,-9225,138178,53977,53977,117291,126516,306511,311082,-4571,131914,53785,53785,120812,125383,317701,334679,-16978,138869,57609,57609,121223,138201,317866,314529,3337,131535,55875,55875,130456,127119
"경상남도",27237,28842,-1605,13475,5248,5248,8514,10119,24464,26113,-1649,11870,4789,4789,7805,9454,23500,24768,-1268,11036,4672,4672,7792,9060,704656,686266,18390,486434,-,-,218222,199832,723250,701394,21856,508346,-,-,214904,193048,746907,722095,24812,537208,-,-,209699,184887,656486,645680,10806,462152,-,-,194334,183528,684247,664230,20017,500416,-,-,183831,163814,679704,666040,13664,360036,133595,133595,186073,172409,683550,663846,19704,356173,139750,139750,187627,167923,459955,459423,532,209715,113071,113071,137169,136637,488910,480343,8567,226436,121868,121868,140606,132039,490751,500126,-9375,228518,120558,120558,141675,151050,463895,472407,-8512,212720,117092,117092,134083,142595,458485,463651,-5166,209225,114692,114692,134568,139734,514140,507244,6896,226401,134188,134188,153551,146655,523882,519594,4288,222817,136905,136905,164160,159872,474081,479692,-5611,203914,127520,127520,142647,148258,493352,487733,5619,209952,129855,129855,153545,147926,496713,495419,1294,211879,134577,134577,150257,148963,491542,483599,7943,202396,130580,130580,158566,150623,487356,474327,13029,206547,124765,124765,156044,143015,485349,474110,11239,212702,119310,119310,153337,142098,481955,478709,3246,228609,106778,106778,146568,143322,473757,469223,4534,235551,91195,91195,147011,142477,414556,417328,-2772,198123,82986,82986,133447,136219,427658,423864,3794,212397,80634,80634,134627,130833,462239,456164,6075,236877,83048,83048,142314,136239,455384,450279,5105,227168,84540,84540,143676,138571,411952,410180,1772,199864,77340,77340,134748,132976,413179,409200,3979,200391,75484,75484,137304,133325,389714,395524,-5810,193649,72348,72348,123717,129527,396251,405561,-9310,200493,74255,74255,121503,130813,403339,419997,-16658,204318,74992,74992,124029,140687,374782,388485,-13703,178975,72297,72297,123510,137213
"제주특별자치도",6977,6540,437,3472,655,655,2850,2413,6502,6188,314,3289,630,630,2583,2269,6505,5972,533,3043,657,657,2805,2272,74806,71678,3128,52315,-,-,22491,19363,74509,71733,2776,53135,-,-,21374,18598,77302,75597,1705,56853,-,-,20449,18744,73507,75236,-1729,55002,-,-,18505,20234,75609,77754,-2145,59094,-,-,16515,18660,83338,84164,-826,44400,20603,20603,18335,19161,78175,79268,-1093,37590,21329,21329,19256,20349,79365,79959,-594,38768,20154,20154,20443,21037,93844,91314,2530,46060,24680,24680,23104,20574,90598,90417,181,42038,24367,24367,24193,24012,85242,87600,-2358,40912,23449,23449,20881,23239,96251,96577,-326,49306,25263,25263,21682,22008,95668,95434,234,46308,26330,26330,23030,22796,98415,99862,-1447,43683,32175,32175,22557,24004,102978,103061,-83,40643,39309,39309,23026,23109,93041,93846,-805,42286,28596,28596,22159,22964,88992,90894,-1902,46542,20290,20290,22160,24062,83294,86222,-2928,51710,9969,9969,21615,24543,80124,82360,-2236,50850,8714,8714,20560,22796,76575,77590,-1015,46894,8779,8779,20902,21917,77224,76787,437,47076,8431,8431,21717,21280,82708,80365,2343,51183,8663,8663,22862,20519,79501,74625,4876,46142,8138,8138,25221,20345,88851,81028,7823,52950,7657,7657,28244,20421,92508,81396,11112,51091,8582,8582,32835,21723,97580,83323,14257,50522,8514,8514,38544,24287,106825,92193,14632,57293,9151,9151,40381,25749,105027,91022,14005,53590,9685,9685,41752,27747,104202,95349,8853,55390,9623,9623,39189,30336,94966,92030,2936,50739,9069,9069,35158,32222,98114,94736,3378,52035,9363,9363,36716,33338,94979,91062,3917,48616,9261,9261,37102,33185
